userId,movieId,tag,timestamp
40,1,animation,1306926135
40,1,fantasy,1306926130
40,1,Pixar,1306926133
40,47,dark,1306930201
40,47,disturbing,1306930291
40,47,thriller,1306930308
40,101,off-beat comedy,1307009664
40,101,Wes Anderson,1307009667
40,208,post-apocalyptic,1306930611
40,208,sci-fi,1306930614
40,208,survival,1306930626
40,223,Dialogue Driven,1306930837
40,223,view askew,1306930797
40,253,based on a book,1306877984
40,253,fantasy,1306877977
40,253,vampires,1306877982
40,353,comic book,1307889681
40,353,Fantasy,1307889678
40,353,romance,1307889686
40,364,animation,1306930320
40,364,Disney,1306930333
40,364,musical,1306930330
40,471,Coen Brothers,1306929883
40,471,Comedy,1306929902
40,471,Fantasy,1306929888
40,480,action,1306930153
40,480,based on a book,1306930144
40,480,dinosaurs,1306930148
40,480,family,1422909254
40,480,pseudoscience,1422909254
40,551,atmospheric,1306923974
40,551,Christmas,1306923968
40,551,Tim Burton,1306923963
40,588,Action,1306930179
40,588,animation,1306930181
40,588,Disney,1306930184
40,595,animation,1306930346
40,595,Disney,1306930348
40,595,fairy tale,1306930344
40,741,anime,1306922841
40,741,cyberpunk,1306922836
40,741,sci-fi,1306922840
40,919,based on a book,1306926154
40,919,fantasy,1306926151
40,919,musical,1306926160
40,1032,animation,1307008484
40,1032,based on a book,1307008492
40,1032,surreal,1307008494
40,1080,British,1306922906
40,1080,Monty Python,1306922909
40,1080,satire,1306922912
40,1097,drama,1306930521
40,1097,fantasy,1306930512
40,1097,sci-fi,1306930517
40,1148,animation,1307439343
40,1148,british,1307439349
40,1148,comedy,1307439346
40,1197,based on a book,1306922157
40,1197,comedy,1306922154
40,1197,fantasy,1306922152
40,1202,British,1307440743
40,1202,cult film,1307440746
40,1202,dark comedy,1307440740
40,1259,based on a book,1306923121
40,1259,coming of age,1306923128
40,1259,friendship,1306923124
40,1274,animation,1307440213
40,1274,cyberpunk,1307440208
40,1274,post-apocalyptic,1307440216
40,1527,dystopia,1306877419
40,1527,sci-fi,1306877413
40,1527,surreal,1306877417
40,1580,action,1306930376
40,1580,comedy,1306930374
40,1580,sci-fi,1306930378
40,1721,CLASS DIFFERENCES,1306930498
40,1721,drama,1306930419
40,1721,romance,1306930422
40,1732,crime,1307439989
40,1732,Cult classic,1307439917
40,1732,cult film,1307439905
40,1732,dark comedy,1307439894
40,1967,Adventure,1307008070
40,1967,fantasy,1307008053
40,1967,surreal,1307008055
40,2138,animation,1306926048
40,2138,atmospheric,1306926054
40,2138,based on a book,1306926051
40,2140,classic,1306876838
40,2140,dark,1306876835
40,2140,fantasy,1306876831
40,2143,fairy tale,1307008735
40,2143,fantasy,1307008732
40,2143,romance,1307008737
40,2174,comedy,1307889638
40,2174,cult film,1307889647
40,2174,Tim Burton,1307889645
40,2193,fantasy,1307889942
40,2291,dark comedy,1306925766
40,2291,fantasy,1306925769
40,2291,surreal,1306925771
40,2313,atmospheric,1307440283
40,2313,based on a book,1307440275
40,2313,drama,1307440280
40,2395,Bill Murray,1306876906
40,2395,coming of age,1306876908
40,2395,quirky,1306876903
40,2628,action,1306930540
40,2628,fantasy,1306930537
40,2628,sci-fi,1306930543
40,2683,parody,1306930688
40,2683,spoof,1306930676
40,2683,time travel,1306930665
40,2706,comedy,1306930783
40,2706,high school,1306930787
40,2706,sexuality,1306930789
40,2716,action,1306925975
40,2716,Fantasy,1306925972
40,2716,ghosts,1306925991
40,2716,New York City,1306925986
40,2762,Atmospheric,1306923422
40,2762,ghosts,1306923416
40,2762,psychological,1306923410
40,2762,psychology,1306923398
40,2762,twist ending,1306923405
40,2918,1980s,1306924280
40,2918,coming of age,1306924284
40,2918,High School,1306924271
40,2987,animation,1307438810
40,2987,childhood classics,1307438907
40,2987,fantasy,1307438804
40,2987,live action/animation,1307438876
40,3052,Comedy,1307888843
40,3052,satire,1307888845
40,3052,view askew,1307888840
40,3081,Dark,1307889400
40,3081,Fantasy,1307889397
40,3081,Tim Burton,1307889406
40,3114,animation,1307008807
40,3114,Disney,1307008810
40,3114,Pixar,1307008799
40,3581,90s club culture,1307448399
40,3581,British,1307448387
40,3581,friendship,1307448390
40,3671,Mel Brooks,1307441110
40,3671,satire,1307441127
40,3671,western,1307441123
40,3793,action,1306926551
40,3793,comic book,1306926565
40,3793,superhero,1306926568
40,3897,INNOCENCE LOST,1307008699
40,3897,journalism,1307008675
40,3897,music,1307008689
40,4011,british,1307439725
40,4011,comedy,1307439721
40,4011,organized crime,1307439719
40,4103,based on a book,1306924261
40,4103,based on a true story,1306924258
40,4103,Steven Spielberg,1306924254
40,4226,nonlinear,1306922067
40,4226,psychology,1306922062
40,4226,twist ending,1306922065
40,4446,alien invasion,1307216221
40,4446,post-apocalyptic,1307216211
40,4446,sci-fi,1307216214
40,4571,comedy,1307438624
40,4571,sci-fi,1307438626
40,4571,time travel,1307438632
40,4754,atmospheric,1307448299
40,4754,cult film,1307448296
40,4754,disturbing,1307448292
40,4865,comic book,1306930004
40,4865,gothic,1306930034
40,4865,Thriller,1306930048
40,4878,psychology,1306922792
40,4878,sci-fi,1306922795
40,4878,surreal,1306922798
40,4979,dark comedy,1307009783
40,4979,dysfunctional family,1307009812
40,4979,Wes Anderson,1307009789
40,4993,based on a book,1306876859
40,4993,fantasy,1306876853
40,4993,Oscar (Best Cinematography),1306876856
40,5072,animation,1307888893
40,5072,anime,1307888899
40,5349,Action,1307009516
40,5349,comic book,1307009520
40,5349,superhero,1307009523
40,5378,action,1307008154
40,5378,fantasy,1307008151
40,5378,sci-fi,1307008157
40,5679,disturbing,1307008381
40,5679,fantasy,1307008378
40,5679,remake,1307008389
40,5952,based on a book,1306876876
40,5952,fantasy,1306876872
40,5952,multiple storylines,1306876874
40,6242,atmospheric,1306926460
40,6242,disturbing,1306926446
40,6242,psychological,1306926505
40,6283,anime,1306922782
40,6283,humorous,1306922777
40,6283,sci-fi,1306922766
40,6328,asylum,1306876961
40,6328,spring,1306876963
40,6328,war,1306876965
40,6377,animation,1306924593
40,6377,friendship,1306924589
40,6377,Pixar,1306924580
40,6502,British,1306925946
40,6502,post-apocalyptic,1306925943
40,6502,zombies,1306925950
40,6711,atmospheric,1307441024
40,6711,friendship,1307441019
40,6711,reflective,1307441031
40,6820,werewolves,1307889207
40,6882,Action,1307888999
40,6882,time travel,1307888984
40,6942,british,1306877461
40,6942,christmas,1306877468
40,6942,multiple storylines,1306877450
40,6942,Nudity (Topless),1306877474
40,6942,Romance,1306877453
40,7147,based on a book,1306924414
40,7147,fantasy,1306924411
40,7147,surreal,1306924418
40,7153,fantasy,1306876865
40,7153,multiple storylines,1306876867
40,7153,Oscar (Best Picture),1306876869
40,8019,atmospheric,1307889076
40,8607,anime,1306923235
40,8607,father daughter relationship,1306923234
40,8607,Japan,1306923240
40,8607,Satoshi Kon,1306923227
40,8784,friendship,1307440641
40,8784,romance,1307440659
40,8961,action,1306923304
40,8961,Pixar,1306923312
40,8961,superhero,1306923307
40,9010,friendship,1307440838
40,9010,romance,1307440841
40,27660,animation,1306877791
40,27660,anime,1306877796
40,27660,cyberpunk,1306877789
40,27660,sci-fi,1306877799
40,27772,fantasy,1307008517
40,27772,horror,1307008579
40,27772,paranormal,1307008524
40,30793,based on a book,1307890188
40,30793,fantasy,1307890183
40,30793,Tim Burton,1307890191
40,30810,comedy,1307009752
40,30810,dark,1307009759
40,30810,Wes Anderson,1307009761
40,31408,bittersweet,1306876957
40,31408,coming of age,1306876954
40,31408,Nudity (Topless),1306876952
40,31658,based on a book,1306922135
40,31658,fantasy,1306922133
40,31658,Studio Ghibli,1306922138
40,32587,atmospheric,1306924074
40,32587,multiple storylines,1306924065
40,32587,surreal,1306924071
40,34048,action,1307439256
40,34048,based on a book,1307439252
40,34048,sci-fi,1307439258
40,34405,dystopia,1306876923
40,34405,sci-fi,1306876916
40,34405,social commentary,1306876910
40,37729,animation,1307314118
40,37729,dark,1307314121
40,37729,Tim Burton,1307314124
40,37830,based on video game,1307007930
40,37830,Dynamic CGI Action,1307007914
40,39183,based on a book,1307875648
40,39183,romance,1307875651
40,39183,sexuality,1307875653
40,42002,Broadway,1307008025
40,42002,mel brooks,1307008010
40,42002,Remake,1307008023
40,42213,uplifting,1307448186
40,44191,comic book,1306876935
40,44191,sci-fi,1306876936
40,45728,Kevin Smith,1306926207
40,45728,sequel,1306926202
40,45728,view askew,1306926181
40,46578,dark comedy,1306924928
40,46578,road trip,1306924932
40,46578,satire,1306924948
40,48394,fantasy,1306922688
40,48394,Oscar (Best Cinematography),1306922705
40,48394,psychology,1306922690
40,48394,surreal,1306922708
40,49422,Absurd,1306876943
40,49422,French,1306876939
40,49422,Michel Hazanavicius,1306876946
40,51662,action,1307889770
40,51662,atmospheric,1307889775
40,51662,comic book,1307889772
40,52435,based on a book,1306923724
40,52435,Christmas,1306923729
40,52435,narrated,1306923748
40,52973,Judd Apatow,1307889310
40,52973,pregnancy,1307889266
40,53519,car chase,1307889699
40,53519,Quentin Tarantino,1307889693
40,53519,stylized,1307889702
40,55269,dark comedy,1307009849
40,55269,road trip,1307009852
40,55269,Wes Anderson,1307009854
40,55908,cult film,1306876885
40,55908,psychological,1306876883
40,55908,sci-fi,1306876881
40,56367,comedy,1307008755
40,56367,high school,1307008752
40,56367,pregnancy,1307008758
40,56757,dark,1307008417
40,56757,dark comedy,1307008414
40,56757,musical,1307008426
40,56757,Tim Burton,1307008434
40,57274,atmospheric,1306925927
40,57274,horror,1306925924
40,57274,zombies,1306925932
40,58998,Apatow productions,1306926406
40,58998,comedy,1306926354
40,58998,romance,1306926334
40,61024,comedy,1307890090
40,61240,atmospheric,1306922593
40,61240,based on a book,1306922577
40,61240,coming of age,1306922579
40,61240,serial killer,1306922575
40,61240,vampires,1306922586
40,63082,based on a book,1306923433
40,63082,Oscar (Best Picture),1306923437
40,63082,romance,1306923444
40,63131,comedy,1306877914
40,63131,geeks,1306877923
40,63131,Seann William Scott,1306877921
40,63131,social commentary,1306877911
40,63433,aliens,1306876849
40,63433,made for TV,1306876844
40,63433,space,1306876846
40,64957,Based On Short Story,1307889560
40,64957,drama,1307889470
40,64957,romance,1307889477
40,65261,anime,1306923367
40,65261,friendship,1306923362
40,65261,Studio Ghibli,1306923365
40,66097,animation,1307008086
40,66097,based on a book,1307008090
40,66097,Surreal,1307008092
40,67734,Romance,1306929964
40,68073,British,1306924962
40,68073,Music,1306924965
40,68073,radio,1306924974
40,68358,action,1306876927
40,68358,sci-fi,1306876929
40,68358,time travel,1306876925
40,68952,funny,1307890032
40,68952,horror,1307890034
40,68952,supernatural,1307890023
40,68954,friendship,1306922610
40,68954,Pixar,1306922607
40,68954,romance,1306922614
40,69951,escapism,1307875537
40,69951,fantasy,1307875504
40,69951,surreal,1307875514
40,71535,dark comedy,1306923928
40,71535,post-apocalyptic,1306923931
40,71535,zombies,1306923936
40,72171,blaxploitation,1306877812
40,72171,exploration,1306877860
40,72171,parody,1306877815
40,72226,animation,1306922813
40,72226,based on a book,1306922816
40,72226,Wes Anderson,1306922826
40,74458,atmospheric,1307441251
40,74458,psychological,1307441247
40,74458,stylized,1307441260
40,74754,Philip Haldiman,1306876887
40,74754,terrible acting,1306876896
40,74754,unintentional comedy,1306876894
40,74789,based on a book,1307008467
40,74789,fantasy,1307008469
40,74789,Tim Burton,1307008471
40,74916,Dark comedy,1307010259
40,74916,Romance,1307010259
40,76251,action,1306923762
40,76251,high school,1306923759
40,76251,superhero,1306923764
40,78209,Comedy,1307008645
40,78499,adventure,1307008820
40,78499,animation,1306922421
40,78499,friendship,1307008830
40,78499,Pixar,1306922424
40,78499,tense,1307008827
40,78499,Tom Hanks,1306922426
40,79132,alternate reality,1306876970
40,79132,fantasy,1306876967
40,79132,sci-fi,1306876972
40,79702,fantasy,1306923377
40,79702,fight scenes,1306923380
40,79702,stylized,1306923384
40,80846,supernatural,1307439043
40,82459,remake,1325115912
40,82459,Western,1325115908
40,86487,mini series,1318115595
40,87234,Coming Of Age,1320250511
40,95309,apocalyptic,1352683560
44,1213,biography,1394537147
44,1270,comedy,1394537226
44,1270,quirky,1394537226
54,318,atmospheric,1286830537
54,318,inspirational,1286830531
54,318,prison,1286830529
54,318,Stephen King,1286830526
54,318,twist ending,1286830508
54,4973,beautifully filmed,1286528066
54,4973,notable soundtrack,1286528071
54,4973,Paris,1286528068
54,6502,horror,1298161782
54,6502,post-apocalyptic,1298161771
54,6502,Zombie,1298161764
54,8874,Funniest Movies,1298162449
54,8874,parody,1298162422
54,8874,Simon Pegg,1298162424
54,8874,zombie,1298162429
54,56145,apocalypse,1286527972
54,56145,predictable,1286527984
54,56145,Survival,1286527978
54,56171,anti-religion,1302283244
54,56171,fantasy world,1302283247
54,56171,Nicole Kidman,1302283250
54,60753,wrongful imprisonment,1315150657
54,62733,zombies,1312058200
54,74685,contamination,1286528027
54,74685,virus,1286528032
54,74685,zombies,1286528034
54,74750,Unsteady-cam,1312058712
54,74750,zombies,1312058721
54,79132,alternate reality,1286528128
54,79132,complicated,1286528130
54,79132,mindfuck,1286528135
54,79132,visually appealing,1286528138
54,80398,Jean Reno,1302890352
54,80398,left for dead,1302890363
54,80398,revenge,1302890361
54,80398,shooting,1302890359
54,80398,twist,1302890369
104,1217,Kurosawa,1138225148
104,1217,samurai,1138225148
104,1635,Ang Lee,1138225188
104,3996,Ang Lee,1138225212
104,40583,Political,1138225306
150,290,maori,1164191150
150,290,violent,1164191167
153,2858,thought-provoking,1241684198
159,107,treasure,1368503840
159,380,arnold,1368506832
159,441,cheerleading,1368504102
159,485,arnold,1368506832
159,589,arnold,1368506832
159,592,dark hero,1368504001
159,866,neo-noir,1368509884
159,898,screwball comedy,1368506880
159,905,screwball comedy,1368506880
159,910,screwball comedy,1368506880
159,913,noir thriller,1368503889
159,1078,marx brothers,1368510274
159,1097,stranded,1368503934
159,1240,arnold,1368506832
159,1245,neo-noir,1368509884
159,1248,noir thriller,1368503889
159,1253,mars,1368503962
159,1291,spielberg,1368510223
159,1291,treasure,1368503839
159,1387,spielberg,1368510224
159,1391,mars,1368503962
159,1617,neo-noir,1368509884
159,1895,cheerleading,1368504102
159,2022,christian,1368506914
159,2022,jesus,1368503803
159,2028,spielberg,1368510224
159,2076,neo-noir,1368509884
159,2115,spielberg,1368510224
159,2115,treasure,1368503839
159,2193,dragon,1368510043
159,2405,treasure,1368503839
159,2571,dark hero,1368504002
159,2617,treasure,1368503839
159,2662,mars,1368503961
159,2718,cheerleading,1368504102
159,2726,noir thriller,1368503889
159,2916,arnold,1368506832
159,2968,terry gilliam,1140360025
159,3300,stranded,1368503934
159,4878,short-term memory loss,1368510178
159,5135,bollywood,1368503751
159,5445,spielberg,1368510223
159,6377,short-term memory loss,1368510178
159,7318,jesus,1368503803
159,7386,christian,1368506914
159,8366,christian,1368506914
159,8622,conspiracy theory,1368509997
159,8949,madsen,1137326743
159,8949,wine,1137326672
159,33162,christian,1368506914
159,51884,bollywood,1368503751
172,2028,top 10 war film all time,1137308441
172,7299,interesting cultural conflict via French viewpoint,1137308506
172,7438,well made stupid schlock,1142741730
172,25891,wonderful light touch,1137308388
176,3498,based on true story,1422084473
176,4390,real sex,1421909684
176,6868,based on true story,1422084682
176,7951,Clive Barker,1422083370
176,26309,based on true story,1422084355
176,50442,based on true story,1422084607
189,296,too violent,1137099838
189,597,girlie movie,1137099885
189,2245,want to see,1137099983
189,2671,girlie movie,1137099823
189,3259,girlie movie,1137099962
189,4246,girlie movie,1137099713
189,4995,book,1137099712
192,110,classic,1273254306
200,5292,Notable Nudity,1158631336
200,5952,best of the series so far,1156803410
212,32,dystopia,1250190770
212,32,future,1250190858
212,32,post-apocalyptic,1250190849
212,32,psychology,1250190852
212,32,sci-fi,1250190834
212,32,time travel,1250190828
212,32,twist ending,1250190831
212,442,dystopia,1250191360
212,442,Wesley Snipes,1250191376
212,1077,dystopia,1250190643
212,1077,futuristic,1250190650
212,1077,time travel,1250190686
212,1265,alternate reality,1250191111
212,1265,alternate universe,1250191113
212,1265,time loop,1250191100
212,1265,time travel,1250191103
212,1270,alternate reality,1250191025
212,1270,future,1250191016
212,1270,time travel,1250191009
212,1289,Philip Glass,1250192739
212,1289,phillip glass score,1250192743
212,1371,sci-fi,1250190596
212,1371,Star Trek,1250190624
212,1653,dystopic future,1250191342
212,2528,futuristic,1250191407
212,2528,post-apocalyptic,1250191410
212,2571,alternate reality,1250192156
212,2571,artificial intelligence,1250192159
212,2571,cyberpunk,1250192166
212,2571,dystopia,1250192169
212,2571,fight scenes,1250192175
212,2571,martial arts,1250192180
212,2571,philosophy,1250192183
212,2571,post apocalyptic,1250192187
212,2571,virtual reality,1250192769
212,4571,time travel,1250190979
212,4873,cerebral,1250190541
212,4873,dreams,1250190544
212,4873,existentialism,1250190547
212,4873,thought-provoking,1250190568
212,4878,sci-fi,1250190886
212,4878,time travel,1250190891
212,5502,Alien Invasion,1250192133
212,7254,time travel,1250191066
212,7817,cerebral,1250190454
212,7817,esoteric plotlines,1250190498
212,8914,Complicated,1250190923
212,8914,complicated plot,1250190927
212,8914,intellectual,1250190935
212,8914,sci-fi,1250190941
212,8914,time travel,1250190944
212,36363,sci-fi,1250192755
212,44191,dystopia,1250191228
212,44191,sci-fi,1250191241
212,44191,thought-provoking,1250191245
212,48774,dystopia,1250191257
212,48774,end of the world,1250191262
212,48774,sci-fi,1250191267
212,55908,entirely dialogue,1250190751
212,55908,intellectual,1250190726
212,55908,one set,1250190758
212,55908,philosophical,1250190729
212,55908,sci-fi,1250190732
212,55908,thought-provoking,1250190739
212,60069,dystopia,1250191294
212,60069,Post apocalyptic,1250191301
212,60069,post-apocalyptic,1250191304
212,60069,romance,1250191317
256,50,great ending,1241442509
256,50,mindfuck,1241442497
256,2959,action,1241442405
256,2959,psychology,1241442389
256,2959,schizophrenia,1241442395
256,2959,social commentary,1241442400
256,2959,surreal,1241442390
256,4011,british,1241442454
256,4011,Crime,1241442466
256,4011,Great dialogue,1241442431
256,4011,Guy Ritchie,1241442472
256,4011,gypsy accent,1241442435
256,4848,David Lynch,1241442581
256,4848,dreamlike,1241442601
256,4848,mindfuck,1241442586
256,4878,mindfuck,1241442349
256,4878,mystery,1241442337
256,4878,psychology,1241442329
256,6774,David Cronenberg,1241442274
256,61240,swedish,1241442251
256,61240,vampires,1241442235
259,4612,comedy,1319900355
259,4612,cynicism,1319900355
259,4612,intellectual,1319900355
259,4612,subtitles,1319900376
262,5,childhood classics,1179775381
262,5,it thought it was funny but it wasn't,1179775339
262,5,watched under duress,1179775339
262,5,worst movies ever,1179775339
262,344,comedy,1263689098
262,344,crude,1263689070
262,344,gross-out,1263689075
262,344,jim carrey,1263689103
262,344,Jim Carrey being Jim Carrey,1263689085
262,344,sex jokes,1263689091
262,367,Cameron Diaz,1263689163
262,367,Crude,1263689134
262,367,Jim Carrey being Jim Carrey,1263689131
262,367,sex jokes,1263689139
262,370,I'm embarassed to find this funny,1179775917
262,370,parody,1179775917
262,370,seen under duress,1179775917
262,370,seen with my parents,1179775917
262,455,animal,1263690764
262,455,animal movie,1263690760
262,455,unnecessarily sad,1263690774
262,551,animated,1179775016
262,551,innovative,1179775016
262,585,Based on a TV Show,1263690174
262,585,Comedy,1263690167
262,585,misogyny,1263690190
262,586,childhood classics,1179772407
262,588,Disney,1263689024
262,594,animated,1179773213
262,594,childhood classics,1179773213
262,594,original medium was better,1179773213
262,628,Best Movies Ever,1179777135
262,628,courtroom drama,1179777135
262,628,Deep,1179777586
262,628,Ed Norton,1179777586
262,628,laura linney,1179777135
262,628,politics,1179777135
262,628,psychology,1179777135
262,628,thought-provoking,1179777135
262,708,chick flick,1179773230
262,708,childhood classics,1179773231
262,750,Deep,1179777539
262,750,politics,1179773349
262,750,required in high school in 1997,1179773349
262,899,enjoyable,1179774100
262,899,light,1179774100
262,899,required in high school in 1997,1179774100
262,1032,Based on a book,1263690825
262,1032,Disney,1263690816
262,1032,Disney animated feature,1263690837
262,1032,dreamlike,1263690844
262,1032,Fairy tale,1263690830
262,1032,Lewis Carroll,1263690820
262,1032,Surreal,1263690808
262,1032,Visuals,1263690812
262,1035,classic,1179775033
262,1080,over-rated,1179772506
262,1080,worn-out,1179772506
262,1199,Complex,1179775966
262,1199,deep,1179775966
262,1199,thought-provoking,1179775966
262,1203,courtroom drama,1179773431
262,1203,politics,1179773431
262,1203,thoought-provoking,1179773431
262,1207,book was better,1179774001
262,1207,politics,1179774001
262,1207,required in high school in 1997,1179774001
262,1208,book was better,1179772389
262,1208,boring,1179772389
262,1208,over-rated,1179772389
262,1247,over-rated,1179774914
262,1259,high school requirement in 1997,1179772625
262,1267,Conspiracy,1263690278
262,1267,Political,1263690281
262,1267,Psychological,1263690285
262,1288,cultural classic,1179775050
262,1288,mockumentary,1179775050
262,1302,childhood classics,1179775544
262,1302,expected more,1179775544
262,1302,thinks it's profound but it isn't,1179775544
262,1302,watched under duress,1179775544
262,1377,brain candy,1179775406
262,1377,childhood classics,1179775406
262,1377,light,1179775406
262,1380,childhood classic,1179773065
262,1380,sexist,1179773065
262,1381,misogyny,1263688308
262,1381,sequel,1263688314
262,1500,assassin,1179772541
262,1500,funny,1179772551
262,1500,light,1179772551
262,1500,rewatchable,1179772551
262,1569,flick,1179776096
262,1625,Action,1263688705
262,1625,Mystery,1263688709
262,1625,psychological,1263688701
262,1625,twist ending,1263688693
262,1641,actually funny,1179774525
262,1722,James Bond,1179775061
262,1748,Deep,1179777480
262,1748,hot women,1179777471
262,1748,innovative,1179774308
262,1748,Jennifer Connelly,1179774308
262,1748,rewatchable,1179774308
262,1748,speculative fiction,1179774308
262,1748,thought-provoking,1179777471
262,1777,chick flick,1179773031
262,1801,Based on a book,1263690887
262,1801,Dumas,1263690882
262,1921,Cerebral,1263690128
262,1921,Engimatic,1263690123
262,1921,Existenti,1263690134
262,1921,Gory,1263690146
262,1921,Mathematics,1263690119
262,1921,Psychology,1263690113
262,1921,Stylized,1263690116
262,1967,Fantasy,1263690256
262,1967,Jennifer Connelly,1263690234
262,1967,Jim Henson,1263690238
262,1967,Muppets,1263690244
262,1967,Nostalgia,1263690249
262,2006,Catherine Zeta-Jones,1179773022
262,2006,hot women,1179773023
262,2006,remake,1179773023
262,2105,cultural classic,1179776817
262,2105,required in high school in 1997,1179776817
262,2161,childhood classic first seen in adulthood,1179776340
262,2161,over-rated,1179776340
262,2167,flick,1179774999
262,2167,over-rated,1179774999
262,2294,animated,1179776277
262,2294,dreamworks,1179776277
262,2321,coming of age,1263689320
262,2321,political,1263689326
262,2321,preachy,1263689334
262,2321,Satire,1263689310
262,2321,stylized,1263689314
262,2321,thoughtful,1263689323
262,2329,Best Movies Ever,1179772910
262,2329,Deep,1179772910
262,2329,Ed Norton,1179772910
262,2329,politics,1179772910
262,2329,thought-provoking,1179772910
262,2424,flick,1179775939
262,2424,worn-out,1179775939
262,2572,actually funny,1179776504
262,2572,better than expected,1179776504
262,2572,enjoyable,1179776504
262,2572,Julia Stiles,1179776504
262,2657,GLTBQ,1179772828
262,2657,it thought it was funny but it wasn't,1179772828
262,2657,over-rated,1179772828
262,2671,chick flick,1179774866
262,2692,fun,1179772361
262,2692,thought-provoking,1179772361
262,2724,flick,1179777356
262,2724,it thought it was funny but it wasn't,1179777369
262,2746,Dark Comedy,1263690049
262,2746,Musical,1263690045
262,2746,Nostalgia,1263690039
262,2762,cultural classic,1263689517
262,2762,enigmatic,1263689492
262,2762,M. Night Shyamalan,1263689480
262,2762,psychology,1263689489
262,2762,twist ending,1263689484
262,2762,unique,1263689502
262,2918,coming of age,1263689585
262,2918,nostalgia,1263689568
262,2918,romp,1263689581
262,2959,brad pitt,1263688024
262,2959,dark comedy,1263688059
262,2959,edward norton,1263688020
262,2959,mental illness,1263688045
262,2959,philosophy,1263688029
262,2959,satirical,1263688040
262,2959,twist ending,1263688035
262,2959,violence,1263688054
262,2987,childhood classics,1179772421
262,2987,scary,1179772421
262,3108,actually funny,1179777306
262,3108,deep,1179777306
262,3108,more than expected,1179777305
262,3108,Robin Williams,1179777306
262,3108,thought-provoking,1179777305
262,3175,it should have sucked but didn't,1179773106
262,3175,parody,1179773106
262,3271,book was better (but neither was good),1179774195
262,3271,over-rated,1179774195
262,3271,required in high school in 1997,1179774195
262,3396,actually funny,1179774350
262,3396,childhood classic first seen in adulthood,1179774350
262,3396,enjoyable,1179774350
262,3396,light,1179774350
262,3397,childhood classic first seen in adulthood,1179774509
262,3397,light,1179774509
262,3448,required in high school in 1997,1179772874
262,3448,Robin Williams,1179772874
262,3545,better then original medium,1179774441
262,3545,GLTBQ,1179774441
262,3545,politics,1179774441
262,3545,rewatchable,1179774441
262,4148,too scared to see it,1179776114
262,4226,Christopher Nolan,1263689802
262,4226,cult film,1263689774
262,4226,dark,1263689776
262,4226,memory,1263689760
262,4226,nonlinear,1263689780
262,4226,psychology,1263689758
262,4226,stylized,1263689768
262,4226,thoughtful,1263689763
262,4226,twist ending,1263689751
262,4226,unique,1263689765
262,4246,chick flick,1179773131
262,4246,fairly bad,1179773150
262,4246,instills poor moral values,1179773131
262,4246,Renee Zwelleger,1179773131
262,4246,sexist,1179773131
262,4270,not actually scary,1179775201
262,4270,unintentionally funny,1179775201
262,4308,flick,1179772277
262,4361,childhood classics,1179773292
262,4361,GLTBQ,1179773292
262,4370,boring,1179772566
262,4370,drags,1179772566
262,4447,actually funny,1179775443
262,4447,better than expected,1179775443
262,4447,flick,1179775443
262,4641,cultural classic,1179776222
262,4641,over-rated,1179776222
262,4641,thinks it's profound but it isn't,1179776222
262,4720,Nicole Kidman,1179772777
262,4720,scary,1179772777
262,4816,it thought it was funny but it wasn't,1179776017
262,4816,over-rated,1179776017
262,4857,childhood classics,1179774325
262,4857,original medium was better,1179774325
262,4878,Best Movies Ever,1179772290
262,4878,funny,1179772323
262,4878,thought-provoking,1179772323
262,4886,animation,1179774037
262,4886,enjoyable,1179774037
262,4886,fun,1179774037
262,4886,innovative,1179774037
262,4886,Pixar,1179774026
262,5013,I don't think I got it; willing to try again,1179775470
262,5016,based on a book,1263687940
262,5016,kevin spacey,1263687934
262,5266,flick,1179774955
262,5388,compelling,1179774900
262,5388,expected more,1179774900
262,5388,thought-provoking,1179774900
262,5459,crappy sequel,1179772720
262,5459,it thought it was funny but it wasn't,1179772757
262,5481,comedy,1263689698
262,5481,crude,1263689685
262,5481,mike myers,1263689683
262,5481,Seth green,1263689663
262,5481,sex jokes,1263689688
262,5481,Spoof,1263689678
262,5528,I'm too scared to see this,1179776644
262,5618,animated,1179772474
262,5618,fun,1179772474
262,5618,light,1179772474
262,5630,too scared to see it,1179775491
262,5952,book was better (but neither was good),1179774607
262,5989,better than expected but still overrated,1179774381
262,5989,light,1179774381
262,5992,based on a book,1263690466
262,5992,Intellectual,1263690480
262,5992,Meryl Streep,1263690473
262,5992,Nicole Kidman,1263690446
262,5992,nonlinear,1263690455
262,5992,queer,1263690460
262,6350,animated,1179773450
262,6350,fun,1179773449
262,6541,cultural classic,1179776841
262,6541,disappointing,1179776841
262,6541,original medium was better,1179776841
262,6947,boring,1179772373
262,6947,over-rated,1179772373
262,7090,atmospheric,1263689276
262,7090,beautiful,1263689269
262,7090,martial arts,1263689273
262,7090,subtitles,1263689286
262,7090,visually appealing,1263689281
262,7254,scary,1179773257
262,7254,terrifying,1179773257
262,8360,comedy,1263689616
262,8360,crude,1263689613
262,8360,Dreamworks,1263689611
262,8360,Eddie Murphy,1263689608
262,8360,funny,1263689636
262,8360,satire,1263689622
262,8360,talking animals,1263689633
262,8376,it thought it was funny but it wasn't,1179773320
262,8376,over-rated,1179773320
262,8376,Tina Majorino,1179773320
262,8529,Catherine Zeta-Jones,1179775166
262,8529,flick,1179775166
262,8644,book was better,1179772445
262,8970,Best Movies Ever,1179772261
262,8984,expected more,1179775274
262,8984,original good;sequel sucked,1179775275
262,31658,animation,1180364023
262,31658,diana wynne jones,1180364023
262,31658,had no relation to original medium,1180364023
262,31658,the book was better,1180364023
262,33004,book was better,1179772856
262,33004,enjoyable,1179772856
262,33004,light,1179772856
262,34048,book was better,1179772951
262,34048,movie bore no resemblance to book,1179772951
262,34405,Hot women,1179774818
262,34405,Joss Whedon,1179774818
262,34405,original medium was better (but both were good),1179774818
262,34405,speculative fiction,1179774818
262,41997,innovative,1179772700
262,41997,politics,1179772700
262,41997,thought-provoking,1179772700
262,44195,politics,1179772645
262,44195,rob lowe,1179772645
262,45447,flick,1179772335
262,45517,actually funny,1179774976
262,45517,fun,1179774976
262,45517,innovative,1179774976
262,45517,instills good moral values,1179774976
262,45517,Pixar,1179774976
262,46972,Good children movie,1263690724
262,46972,Museum,1263690718
262,46972,Not funny,1263690735
262,46972,Slapstick,1263690731
262,46976,actually funny,1180363963
262,46976,best movies of all times,1180363963
262,53000,I'm too scared to see this,1179777859
262,55276,Corporate espionage,1263689996
262,55276,George Clooney,1263689988
262,55276,Slow pacing,1263690009
262,58559,Atmospheric,1263688737
262,58559,Dark,1263688734
262,58559,Heath Ledger,1263688761
262,58559,Vigilante,1263688746
262,58803,based on a book,1263745379
262,58803,based on a true story,1263745353
262,58803,con artists,1263745395
262,58803,Kevin Spacey,1263745347
262,58803,loosely based on a true story,1263745407
262,58803,mathematics,1263745368
262,60069,dystopia,1263688165
262,60069,environmental,1263688171
262,60069,original,1263688150
262,60069,pixar,1263688158
262,60069,Preachy,1263688176
262,63062,period piece,1263690936
262,63062,police corruption,1263690944
262,63062,political,1263690946
262,66097,3-d,1263688432
262,66097,based on a book,1263688417
262,66097,Neil gaiman,1263688425
262,66097,stop motion,1263688438
262,67408,computer animation,1263745269
262,67408,Contrived plot,1263745246
262,67408,Crude,1263745250
262,67408,Cute,1263745263
262,67408,Dreamworks,1263745237
262,67408,Predictable,1263745260
262,68099,astronomy,1263689233
262,68099,boring,1263689239
262,68099,slow-paced,1263689243
262,68099,space,1263689230
262,68099,touching,1263689236
262,68954,devastating,1263688107
262,68954,heartbreaking,1263688103
262,68954,Pixar,1263688098
262,70286,intelligent sci-fi,1263689369
262,70286,mockumentry,1263689399
262,70286,slow paced,1263689417
262,70286,social commentary,1263689373
262,70286,thoughtful,1263689376
262,70286,unique,1263689364
262,70286,violence,1263689404
262,71057,dark fantasy,1263690601
262,71057,devastating,1263690567
262,71057,Interesting animation style,1263690594
262,71057,Poorly paced,1263690612
262,71057,Predictable,1263690546
262,71057,Visually appealing,1263690586
262,73017,Action,1263688815
262,73017,Atmospheric,1263688818
262,73017,Based on a book,1263688803
262,73017,Historic fiction,1263688823
262,73017,Mystery,1263688828
262,73017,Sherlock Holmes,1263688810
269,1236,Adrienne Shelly,1152607512
294,858,Al Pacino,1332581512
294,43921,runaway,1169698850
294,43921,thrilling,1169698837
294,86835,Dimensionalized 2-D to 3-D,1311312531
305,32,complicated,1254167372
305,32,dystopia,1254167375
305,32,genetics,1254167378
305,32,Post apocalyptic,1254167382
305,32,post-apocalyptic,1254167384
305,32,psychology,1254167386
305,32,twist ending,1254167392
305,32,violence,1254167395
305,34,Animal,1254185075
305,34,Animal movie,1254185081
305,34,animals,1254185086
305,34,barnyard animals,1254185114
305,34,children,1254185119
305,34,fantasy,1254185126
305,34,farm,1254185131
305,34,pigs,1254185142
305,34,rats,1254185164
305,34,sheep,1254185186
305,34,talking animals,1254185189
305,47,crime,1254168041
305,47,disturbing,1254168045
305,47,drama,1254168048
305,47,greed,1254168050
305,47,horror,1254168084
305,47,investigation,1254168053
305,47,police,1254168055
305,47,powerful ending,1254168057
305,47,psychology,1254168059
305,47,serial killer,1254168062
305,47,thriller,1254168084
305,47,twist ending,1254168064
305,47,twists & turns,1254168066
305,47,violent,1254168068
305,50,complicated,1254167648
305,50,conspiracy,1254167651
305,50,Crime,1254167654
305,50,Dark,1254167657
305,50,heist,1254167662
305,50,mindfuck,1254167665
305,50,organized crime,1254167668
305,50,suspense,1254167671
305,50,thriller,1254167643
305,50,tricky,1254167676
305,50,twist ending,1254167678
305,110,drama,1254166583
305,110,Nudity (Topless),1254166598
305,110,revenge,1254166608
305,110,sword fight,1254166613
305,110,violent,1254166619
305,110,war,1254166646
305,133,drama,1254162999
305,133,spanish,1254162998
305,150,catastrophe,1254166724
305,150,disaster,1254166727
305,150,drama,1254166731
305,150,suspense,1254166735
305,150,tense,1254166737
305,153,bank robbery,1254168316
305,153,crime,1254168367
305,153,rubber nipples,1254168320
305,153,vigilante,1254168324
305,165,bmf,1254168103
305,165,crime,1254168106
305,165,heist,1254168121
305,165,more explosions,1254168128
305,165,terrorism,1254168133
305,165,thriller,1254168135
305,165,violent,1254168137
305,231,Gross-out,1254184616
305,231,irreverent,1254184622
305,231,raunchy,1254184629
305,231,stupid,1254184647
305,260,war,1254166309
305,296,assassin,1254165862
305,296,black comedy,1254165872
305,296,cult film,1254165884
305,296,dark comedy,1254165895
305,296,drugs,1254165902
305,296,gangsters,1254165907
305,296,mafia,1254165912
305,296,organized crime,1254165926
305,296,Quentin Tarantino,1254165944
305,296,violence,1254165948
305,316,tense,1254184264
305,316,violence,1254184319
305,318,crime,1254166229
305,318,drama,1254166235
305,318,justice,1254166241
305,318,prison,1254166249
305,318,prison escape,1254166251
305,318,reflective,1254166255
305,318,revenge,1254166258
305,318,Stephen King,1254166284
305,318,thought-provoking,1254166261
305,318,twist ending,1254166263
305,344,Gross-out,1254167915
305,349,cia,1254184363
305,349,clancy,1254184366
305,349,confrontational,1254184361
305,349,jack ryan,1254184370
305,349,tense,1254184380
305,349,thiller,1254184393
305,356,bittersweet,1254166072
305,356,drama,1254166096
305,356,psychology,1254166077
305,356,Vietnam,1254166080
305,356,vietnam war,1254166083
305,356,war,1254166085
305,367,animal:dog,1254184891
305,367,annoying sexist stereotype mars story,1254184879
305,367,cartoonish,1254184885
305,367,comedy,1254184894
305,367,crime,1254184928
305,367,mafia,1254184910
305,377,AFI 100 (Thrills),1254167801
305,377,bomb,1254167792
305,377,explosions,1254167797
305,377,rousing,1254167807
305,377,speed,1254167815
305,377,tense,1254167822
305,377,Thriller,1254167818
305,377,visceral,1254167827
305,380,70mm,1254167279
305,380,espionage,1254167290
305,380,spies,1254167309
305,380,terrorism,1254167312
305,380,thriller,1254167317
305,457,AFI 100 (Thrills),1254166669
305,457,crime,1254166676
305,457,menacing,1254166684
305,457,murder,1254166687
305,457,ominous,1254166690
305,457,paranoid,1254166694
305,457,police investigation,1254166696
305,457,tense,1254166699
305,457,thriller,1254166702
305,457,violence,1254166706
305,480,drama,1254166196
305,480,genetics,1254166200
305,480,horror,1254166203
305,480,Suspense,1254166211
305,500,children,1254184524
305,500,Comedy,1254184526
305,500,creepy stalker,1254184492
305,500,cross dressing,1254184529
305,500,cross dressing men,1254184533
305,500,divorce,1254184482
305,500,double life,1254184537
305,500,Drama,1254184497
305,500,impostor,1254184508
305,500,men in drag,1254184503
305,500,Moving,1254184520
305,500,transvestism,1254184500
305,527,depressing,1254167337
305,527,disturbing,1254167341
305,527,drama,1254167355
305,527,Holocaust,1254167344
305,527,Nazis,1254167346
305,527,war,1254167358
305,527,World War II,1254167349
305,588,animation,1254167516
305,588,children,1254167539
305,588,fairy tale,1254167519
305,588,funny,1254167522
305,588,kids,1254167543
305,588,kids and family,1254167555
305,588,musical,1254167526
305,589,apocalypse,1254166806
305,589,assassin,1254166817
305,589,dystopia,1254166820
305,589,nuclear war,1254166824
305,589,violence,1254166830
305,590,boring,1254167197
305,590,drama,1254167193
305,590,suicide attempt,1254167179
305,590,war,1254167185
305,590,western,1254167188
305,592,crime,1254166764
305,592,dark,1254166767
305,592,revenge,1254166769
305,592,thriller,1254166778
305,592,vigilante,1254166773
305,593,cannibalism,1254166147
305,593,crime,1254166154
305,593,disturbing,1254166157
305,593,drama,1254166160
305,593,gothic,1254166164
305,593,Hannibal Lecter,1254166167
305,593,psychiatrist,1254166172
305,593,psychology,1254166175
305,593,serial killer,1254166177
305,595,affectionate,1254182581
305,595,animation,1254182587
305,595,beautiful,1254182591
305,595,Disney animated feature,1254182594
305,595,fairy tale,1254182597
305,595,France,1254182649
305,595,gentle,1254182603
305,595,heartwarming,1254182607
305,595,heroine,1254182609
305,595,humorous,1254182613
305,595,kids and family,1254182617
305,595,Oscar (Best Music - Original Score),1254182622
305,595,Oscar (Best Music - Original Song),1254182625
305,595,redemption,1254182633
305,595,slow,1254182676
305,595,whimsical,1254182638
305,597,plot:client falls in love with sex worker,1254184586
305,597,PROSTITUTES,1254184592
305,597,prostitution,1254184589
305,608,black comedy,1254167588
305,608,crime,1254167591
305,608,crime gone awry,1254167593
305,608,dark comedy,1254167596
305,608,disturbing in a bad way,1254167599
305,608,hostage,1254167602
305,608,kidnapping,1254167605
305,608,murder,1254167608
305,608,police,1254167611
305,608,violent,1254167613
305,648,Classic Thriller,1254167975
305,648,confusing,1254167979
305,648,confusing plot,1254167982
305,648,espionage,1254167985
305,648,military,1254167990
305,648,murder,1254167993
305,648,suspense,1254167995
305,654,drama,1254162891
305,654,german,1254162891
305,733,Alcatraz,1254184734
305,733,biological warfare,1254184737
305,733,prison,1254184781
305,733,R,1254184783
305,733,setting:Alcatraz,1254184801
305,733,setting:prison,1254184804
305,733,terrorism,1254184756
305,733,thriller,1254184808
305,736,disaster,1254183896
305,736,natural disaster,1254183902
305,736,science,1254183934
305,736,thriller,1254183941
305,736,twist ending,1254183952
305,780,alien invasion,1254167121
305,780,apocalypse,1254167128
305,780,conspiracy theory,1254167134
305,780,disaster,1254167137
305,780,end of the world,1254167140
305,780,tense,1254167147
305,780,war,1254167152
305,858,crime,1254168173
305,858,drama,1254168184
305,858,Mafia,1254168187
305,858,melancholy,1254168190
305,858,Nudity (Topless),1254168193
305,858,organized crime,1254168196
305,986,Animal movie,1254188344
305,1025,animated,1254187774
305,1025,animation,1254187776
305,1025,Cartoon,1254187780
305,1025,children,1254187783
305,1025,Disney,1254187788
305,1025,fantasy,1254187796
305,1025,King Arthur,1254187793
305,1025,musical,1254187806
305,1029,animals,1254187966
305,1029,animation,1254187968
305,1029,Betamax,1254187972
305,1029,children cartoon,1254187976
305,1029,disturbing clown content,1254187984
305,1029,elephants,1254187990
305,1029,musical,1254187993
305,1029,orphaned cartoon character,1254187999
305,1029,Oscar (Best Music - Original Score),1254188026
305,1029,sad. again with the dying animated animals,1254188004
305,1029,subgenre:fable,1254188011
305,1029,talking animals,1254188008
305,1196,war,1254167703
305,1198,Nazis,1254167950
305,1198,racism,1254167953
305,1198,World War II,1254167957
305,1210,drama,1254167229
305,1210,violent,1254167223
305,1210,war,1254167225
305,2028,disturbing,1254184017
305,2028,drama,1254184021
305,2028,enormously long battle scene,1254184033
305,2028,Oscar (Best Sound),1254184068
305,2028,violent,1254184075
305,2028,war,1254184077
305,2028,World War II,1254184079
305,2048,animation,1254162565
305,2048,kids,1254162565
305,2048,kids and family,1254162565
305,2048,mouse,1254162565
305,2083,fun movie,1254186863
305,2083,mummy,1254186867
305,2083,talking animals,1254186871
305,2085,animals,1254162927
305,2085,animation,1254162970
305,2085,cute,1254162970
305,2085,disney animated feature,1254162970
305,2085,dog,1254162970
305,2085,dogs,1254162970
305,2085,fashion,1254162981
305,2085,fun,1254162970
305,2085,great animated film,1254162970
305,2085,kids and family,1254162970
305,2085,kids movie,1254162970
305,2090,Animation,1254187107
305,2090,child abuse,1254187097
305,2090,mouse,1254187103
305,2090,revenge,1254187090
305,2102,surreal,1254187046
305,2499,bizarre,1254189141
305,2499,cancer,1254189129
305,2571,cult film,1254167741
305,2571,dystopia,1254167745
305,2571,fight scenes,1254167750
305,2571,Keanu Reeves,1254167753
305,2571,martial arts,1254167755
305,2571,philosophy,1254167758
305,2571,post apocalyptic,1254167761
305,2571,post-apocalyptic,1254167763
305,2571,surreal,1254167768
305,2571,thriller,1254167777
305,2762,AFI 100 (Thrills),1254184110
305,2762,Drama,1254184116
305,2762,ghosts/afterlife,1254184123
305,2762,mindfuck,1254184135
305,2762,psychology,1254184140
305,2762,somber,1254184145
305,2762,surprise ending,1254184157
305,2762,suspense,1254184167
305,2762,twist ending,1254184163
305,2846,cats,1254161333
305,2846,cats and dogs,1254161343
305,2846,Cute animals,1254161361
305,2846,dogs,1254161338
305,2846,heartwarming,1254161361
305,2846,kids,1254161361
305,2858,black comedy,1254167847
305,2858,dark comedy,1254167850
305,2858,Nudity (Topless - Notable),1254167853
305,2858,reflective,1254167859
305,2858,satirical,1254167860
305,2858,sexuality,1254167863
305,2858,surrealism,1254167869
305,2858,thought-provoking,1254167870
305,2858,violence,1254167873
305,2886,elmo,1254161286
305,2886,muppets,1254161265
305,2886,vanessa l. williams,1254161300
305,2899,children,1254187144
305,3157,cats,1254163120
305,3157,cheesy,1254163120
305,3157,childre,1254163154
305,3157,comedy,1254163154
305,3157,kids,1254163154
305,3157,kids movie,1254163154
305,3157,mouse,1254163120
305,3157,talking animals,1254163120
305,3157,talking mouse,1254163120
305,3397,children,1254187304
305,3397,light,1254187294
305,3397,talking animals,1254187299
305,3398,great childhood movie,1254187071
305,3398,talking animals,1254187076
305,3412,animals,1254187854
305,3412,Animals die :(,1254187861
305,3412,family,1254187870
305,3412,hunting,1254187873
305,3751,animals,1254187620
305,3751,animation,1254187622
305,3751,birds,1254187625
305,3751,children,1254187662
305,3751,claymation,1254187661
305,3751,family,1254187664
305,3751,funny,1254187667
305,3751,happy,1254187669
305,3751,humor,1254187663
305,3751,humorous,1254187660
305,3751,stop motion,1254187663
305,3751,talking animals,1254187659
305,3820,children,1254179010
305,3820,Thomas the Tank Engine,1254179028
305,3820,trains,1254179035
305,4016,Disney,1254188062
305,4016,Disney animated feature,1254188065
305,4016,empty,1254188085
305,4016,G,1254188090
305,4016,ostensibly for kids but: chock full o' prejudice:sexism & ageism,1254188103
305,5444,animation,1254182963
305,5444,Children,1254182968
305,5444,cute,1254182972
305,5444,Disney animated feature,1254182977
305,5444,family,1254182981
305,5444,fun,1254182984
305,5444,funny,1254182987
305,5444,heartbreaking,1254182998
305,5444,kids,1254183003
305,5444,life,1254183014
305,5444,redemption,1254183010
305,6377,animation,1254188513
305,6377,birds,1254188514
305,6377,children,1254188516
305,6377,Comedy,1254188520
305,6377,feel good movie,1254188525
305,6377,funny,1254188531
305,6377,memory loss,1254188538
305,6377,ocean,1254188548
305,6377,talking animals,1254188553
305,6377,underwater,1254188557
305,6618,cantonese,1254163887
305,8574,Christmas,1254166859
305,8574,claymation,1254166862
305,8574,comedy,1254166865
305,8574,funny,1254166868
305,8574,holiday,1254166871
305,8574,Motown,1254166874
305,8574,musical,1254166879
305,8574,short,1254166885
305,8711,jaded,1254187215
305,8765,crime,1254162869
305,8765,fugitive,1254162869
305,8765,thriller,1254162869
305,8920,alcoholism,1254187186
305,8920,drama,1254187158
305,8961,animation,1254188386
305,8961,comedy,1254188389
305,8961,family,1254188391
305,8961,funny,1254188393
305,26048,drama,1254163013
305,26048,japanese,1254163013
305,26048,war,1254163013
305,26133,mental illness,1254188489
305,26133,short,1254188478
305,31193,cartoon,1254161711
305,31193,disney,1254161716
305,31193,mental illness,1254161752
305,31193,series:Pooh,1254161737
305,31687,Disney,1254185793
305,33340,japanese,1254162683
305,46948,basketball,1254188244
305,46948,claymation,1254188247
305,46948,friends,1254188250
305,46948,games,1254188254
305,46948,halloween,1254188258
305,46948,Halloween theme,1254188261
305,46948,haunted house,1254188265
305,46948,house,1254188275
305,46948,Motion Capture,1254188277
305,50601,bullying,1254188319
305,50601,death of a child,1254188325
305,50601,sad,1254188322
305,50872,animation,1254188408
305,50872,books,1254188416
305,50872,cooking,1254188420
305,50872,Family,1254188423
305,50872,food,1254188426
305,50872,food/cooking,1254188428
305,50872,France,1254188432
305,50872,funny,1254188434
305,50872,imaginary friend,1254188442
305,50872,imagination,1254188445
305,50872,rats,1254188455
305,50872,talking animals,1254188459
305,52287,kids and family,1254187759
305,54248,dark,1254161914
305,54248,DARK COMEDY,1254161920
305,54248,insanity,1254161953
305,54248,killing,1254161958
305,57504,drama,1254162598
305,57504,japan,1254162703
305,57504,japanese,1254162707
305,58299,elephants,1254187674
305,58299,happy ending,1254187690
305,58299,jungle,1254187704
305,58299,talking animals,1254187709
305,59549,coming out,1254162726
305,59549,gay,1254162743
305,59549,gay character,1254162760
305,59549,gay lead character,1254162768
305,59549,gay relationship,1254162776
305,59549,gay romance,1254162781
305,59549,homosexuality,1254162787
305,59784,animals,1254163470
305,59784,animation,1254163470
305,59784,comedy,1254163470
305,59784,food,1254163471
305,59784,kids,1254163471
305,59784,violence,1254163484
305,60020,blood,1254161845
305,60020,drama,1254161832
305,60020,hurt,1254161851
305,60020,jet li,1254161837
305,60020,war,1254161827
305,60069,adventure,1254161594
305,60069,animated,1254161572
305,60069,animation,1254161545
305,60069,dystopia,1254161580
305,60069,environmental,1254161603
305,60069,family,1254161572
305,60069,heartfelt,1254161572
305,60069,love,1254161572
305,60069,post-apocalyptic,1254161629
305,60382,documentary,1254163512
305,63312,dark,1254161986
305,63312,german,1254161982
305,63312,thirty years' war,1254161999
305,63312,war,1254162002
305,63540,dogs,1254161666
305,63540,talking animals,1254161673
305,64993,drama,1254161882
305,64993,japanese,1254161875
305,64993,love,1254161890
305,64993,nature,1254161894
305,68486,action,1254162909
305,68486,drama,1254162909
305,68486,mandarin,1254162909
305,68486,war,1254162909
305,68954,adventure,1254161440
305,68954,computer animation,1254161440
305,68954,divorce,1254161459
305,68954,dogs,1254161440
305,68954,dreams,1254161468
305,68954,feel good movie,1254161450
305,68954,friendship,1254161440
305,68954,happy ending,1254161440
305,68954,heartbreaking,1254161495
305,68954,mourning,1254161495
305,68954,pretty,1254161514
305,68954,sappy,1254161499
305,68954,sweet,1254161505
305,68954,talking animals,1254161440
305,70334,comedy,1254163226
305,70334,disney,1254163235
305,70334,drama,1254163243
305,70334,happy,1254163226
305,70334,kids movie,1254163226
305,70334,music,1254163226
305,70334,musical,1254163226
313,364,animals,1423521808
313,364,disney,1423521808
313,364,lions,1423521808
317,32587,film noir comic book,1336716604
319,3272,Catholicism,1161737677
319,4857,Judaism,1161737643
319,26974,Bizarre,1161737833
320,150,space,1137289425
320,541,SF,1137289865
320,924,SF,1139645076
320,924,space,1137289330
320,1036,definitive,1138251686
320,1212,love this movie,1154875957
320,1214,SF,1137289847
320,1214,space,1137289163
320,1230,romantic,1137290932
320,1240,SF,1166355882
320,1252,love this movie,1138251926
320,1584,SF,1139644381
320,1639,romantic,1137290940
320,1653,SF,1137290805
320,2009,SF,1166355872
320,2076,love this movie,1138251506
320,2311,space,1137289376
320,3503,SF,1166355786
320,3703,SF,1154876506
320,4416,SF,1139644827
320,4848,love this movie,1138251550
320,5349,love this movie,1138251590
320,6979,SF,1154876646
320,7128,SF,1154876920
320,8638,romantic,1154876004
320,8914,love this movie,1154875967
320,8914,SF,1137289800
320,8914,time travel,1154875978
320,26554,SF,1154876344
375,6373,jim carrey as god=scary,1145002037
377,1292,naive,1357141233
377,1292,Oscar (Best Supporting Actor),1357141239
377,1292,Peter Sellers,1357141244
377,1292,television,1357141268
377,54426,communism,1357140978
377,54426,Corneliu Porumboiu,1357140956
377,54426,original,1357140948
377,54426,Romania,1357140990
377,71108,anger,1357141915
377,71108,atmospheric,1357141851
377,71108,black and white,1357141905
377,71108,Golden Palm,1357141919
377,71108,Michael Haneke,1357141891
377,71108,no soundtrack,1357141895
377,71108,Palme d'Or,1357141917
377,71108,small town,1357141923
377,71108,suspense,1357141925
377,71108,thought-provoking,1357141898
377,83184,characters,1357141771
377,83184,dark ending,1357141882
377,83184,Korean,1357141780
377,83184,too long,1357141759
377,83184,violence,1357141749
377,88690,edgar allan poe,1357141671
377,88690,mistery,1357141689
377,88690,murder,1357141685
377,88690,stupid plot,1357141643
377,89000,acting,1357141956
377,89000,Argentina,1357141944
377,89000,lawyers,1357141956
377,89000,police corruption,1357141951
377,89000,Ricardo Darin,1357141948
377,90531,classical music,1357157054
377,90531,frustration,1357157105
377,90531,long takes,1357157031
377,90531,New York City,1357157075
377,90531,running scene,1357157065
377,90531,self-destruction,1357157107
377,91529,dark,1357141197
377,91529,imdb top 250,1357141203
377,91529,intense,1357141178
377,91529,plot twist,1357141186
377,91535,fast paced,1357141359
377,91535,franchise,1357141310
377,91535,genetic engineering,1357141333
377,91535,Rachel Weisz,1357141286
377,91535,spies,1357141308
377,93164,Character study,1357142082
377,93164,hitchcockian,1357142069
377,93164,murder,1357142105
377,93164,obsession,1357142117
377,93164,suspense,1357142059
377,94864,aliens,1357141439
377,94864,bad plot,1357141433
377,94864,boring,1357141456
377,94864,predictable,1357141424
377,94864,scary,1357141466
377,94864,sci fi,1357141443
377,94864,space travel,1357141452
377,95441,bromance,1357141382
377,95441,buddy movie,1357141390
377,95441,crude humor,1357141396
377,95441,directorial debut,1357141411
377,95441,Mark Wahlberg,1357141400
377,95441,Mila Kunis,1357141415
377,95441,Nudity (Topless),1357141378
377,96415,buddhism,1357142017
377,96415,Korean,1357142036
377,96415,sci fi,1357142010
377,96415,script fail,1357142047
377,96415,Short Stories,1357142005
377,96415,zombies,1357142025
377,96861,happy ending,1357141732
377,96861,kidnapping,1357141719
377,96861,predictable,1357141702
377,96861,Revenge,1357141706
377,97752,atmospheric,1357141475
377,97752,independent film,1357141505
377,97752,multiple roles,1357141483
377,97752,visually appealing,1357141488
377,98122,computer game,1357141600
377,98122,indie,1357141598
377,98122,Microsoft,1357141595
377,98122,software developers,1357141612
377,98809,adventure,1357141027
377,98809,author:J. R. R. Tolkein,1357141024
377,98809,beautiful scenery,1357141081
377,98809,big budget,1357141085
377,98809,epic,1357141076
377,98809,franchise,1357141058
377,98809,magic,1357141061
377,98809,Middle Earth,1357141063
377,98809,Peter Jackson,1357141053
377,98809,too long,1357141068
392,527,biopic,1233877228
392,527,historical,1233877484
392,527,Holocaust,1233877235
392,527,WWII,1233877506
392,1203,courtroom drama,1233614673
392,1215,ancient book,1233747594
392,1215,black comedy,1233874723
392,1215,campy,1233747619
392,1215,cult horror,1233862551
392,1215,dark humor,1233747594
392,1215,demon possession,1233862551
392,1215,demons,1233747594
392,1215,evil spirits,1233862551
392,1215,heroic,1233862551
392,1215,isolation,1233862551
392,1215,Necronomicon,1233862551
392,1215,occult,1233862551
392,1215,possession,1233862551
392,1215,undead,1233874822
392,1215,wilderness,1233862551
392,1261,ancient book,1233747513
392,1261,black comedy,1233874736
392,1261,cult horror,1233862515
392,1261,dark humor,1233747513
392,1261,demon possession,1233747513
392,1261,demons,1233747513
392,1261,evil spirits,1233862516
392,1261,heroic,1233862516
392,1261,isolation,1233862516
392,1261,Necronomicon,1233747513
392,1261,occult,1233862516
392,1261,possession,1233862516
392,1261,undead,1233874809
392,1261,wilderness,1233862516
392,1645,antichrist,1233881877
392,1645,courtroom drama,1233882057
392,1645,demons,1233881877
392,1645,devil,1233881877
392,1645,fallen angel,1233882412
392,1645,lucifer,1233882399
392,1645,occult,1233881893
392,1645,satan,1233881877
392,1645,sin,1233881877
392,1645,temptation,1233881877
392,2560,legend,1233876628
392,2560,survival,1233618118
392,2560,unconventional,1233876574
392,2560,vampires,1233876574
392,2560,wendigo,1233876628
392,2560,wilderness,1233618118
392,3074,atmospheric,1233505194
392,3074,isolationist,1233514098
392,3074,survivalist,1233504272
392,3074,wilderness,1233504245
392,3108,chivalrous,1233505371
392,3108,compassionate,1233505380
392,3108,quest,1233505408
392,4105,ancient book,1233514048
392,4105,black comedy,1233874749
392,4105,campy,1233862564
392,4105,cult horror,1233512469
392,4105,dark humor,1233862564
392,4105,demon possession,1233862460
392,4105,demons,1233514048
392,4105,evil spirits,1233514048
392,4105,heroic,1233514048
392,4105,isolation,1233514048
392,4105,Necronomicon,1233862564
392,4105,occult,1233514048
392,4105,possession,1233514048
392,4105,stylish,1233862564
392,4105,undead,1233876120
392,4105,wilderness,1233514048
392,5673,happiness,1233747183
392,5673,love,1233747183
392,6511,biopic,1233877586
392,6511,epic,1233505548
392,6511,gospel,1233945202
392,6511,historical,1233877586
392,6511,Jesus Christ,1233505548
392,6511,transcendental,1233505548
392,6511,truth,1233945202
392,8874,black comedy,1233874674
392,8874,dark humor,1233747705
392,8874,spoof,1233747688
392,8874,undead,1233874674
392,8874,zombies,1233747655
392,8985,vampires,1233877101
392,31696,spiritual warfare,1233507339
392,47999,another gospel,1233944222
392,47999,false gospel,1233945247
392,47999,false prophets,1233945239
392,47999,false teachers,1233945239
392,47999,fanaticism,1233945328
392,47999,radical,1233945338
392,48678,atypical,1233940405
392,48678,excessive,1233939651
392,48678,repulsive,1233939748
392,65126,holy bloodline,1233874262
455,17,chick flick,1343219938
455,17,hugh grant,1343219975
455,17,romance,1343219946
455,17,shakespeare,1343219961
455,316,aliens,1343220477
455,316,archaeology,1343220479
455,316,military,1343220508
455,316,mythology,1343220486
455,316,time travel,1343220484
455,589,apocalypse,1343220437
455,589,Arnold Schwarzenegger,1343220431
455,589,artificial intelligence,1343220439
455,589,future,1343220446
455,589,narrated,1343220467
455,589,time travel,1343220453
455,1183,chick flick,1343220127
455,1183,love story,1343220109
455,1183,sentimental,1343220119
455,4446,aliens,1343220052
455,4446,visually stunning,1343220074
455,4446,weak characters,1343220082
455,8969,chick flick,1343220023
455,8969,Renee Zellweger,1343220006
455,55908,evolution,1343220267
455,55908,immortality,1343220233
455,55908,intellectual,1343220263
455,55908,science fiction,1343220252
455,55908,underrated,1343220258
455,85414,military,1343220836
455,85414,parallel universe,1343220833
455,85414,time loop,1343220827
455,85414,time travel,1343220825
455,85414,twist ending,1343220846
455,90746,animation,1426133133
455,90746,comic book,1426133161
455,90746,motion capture,1426133147
455,90746,treasure hunt,1426133135
455,111759,aliens,1404417903
455,111759,comic book,1404417919
455,111759,future,1404417898
455,111759,original plot,1404417914
455,111759,sci-fi,1404417906
455,111759,time loop,1404417910
455,111759,time travel,1404417912
455,111759,Tom Cruise,1404417894
455,112460,animation,1422160503
455,112460,disney,1422160503
455,112460,planes,1422160503
458,31658,anime,1322695942
475,22,suspenseful,1369021930
475,25,melancholic,1369021794
475,32,time loop,1369022889
475,74,chick flick,1369023134
475,125,Ben Stiller,1324817569
475,125,Glenn Fitzgerald,1291495958
475,125,Patricia Arquette,1291458936
475,125,Ta Leoni,1324817460
475,140,love story,1369022626
475,151,18th century,1369022535
475,165,Bruce Willis,1326016501
475,165,Jeremy Irons,1326016527
475,165,Samuel L. Jackson,1326016501
475,173,comics,1369022935
475,236,romantic,1369022167
475,318,Morgan Freeman,1293363444
475,318,powerful ending,1369023080
475,318,Tim Robbins,1293363407
475,356,Robin Wright Penn,1291177822
475,356,Tom Hanks,1291177822
475,367,Jim Carrey,1323131040
475,448,existentialism,1369022389
475,539,happy ending,1369022857
475,587,love story,1369022626
475,593,excellent script,1369021842
475,595,fairy tales,1369022916
475,597,happy ending,1369022856
475,653,fairy tales,1369022916
475,784,Ben Stiller,1294428437
475,784,Jack Black,1294422659
475,784,Jim Carey,1294422659
475,1092,Sharon Stone,1293364142
475,1196,modern fantasy,1369023007
475,1250,courage,1369021998
475,1270,time loop,1369022889
475,1277,18th century,1369022535
475,1307,romantic,1369022167
475,1408,18th century,1369022535
475,1445,Tim Curry,1327225768
475,1620,psychological,1369022726
475,1704,excellent script,1369021842
475,1719,melancholic,1369021794
475,1748,existentialism,1369022389
475,1777,romantic comedy,1369022242
475,1784,excellent script,1369021842
475,1784,Helen Hunt,1291177645
475,1784,Jack Nicholson,1291177645
475,1959,love story,1369022626
475,2001,Mel Gibson,1318146037
475,2001,Patsy Kensit,1318146909
475,2011,time loop,1369022889
475,2081,happy ending,1369022857
475,2125,girlie movie,1369023105
475,2273,Jackie Chan,1291178375
475,2335,Adam Sandler,1326016016
475,2335,Fairuza Balk,1326016016
475,2335,Henry Wrinkler,1326017351
475,2485,girlie movie,1369023105
475,2572,girlie movie,1369023105
475,2640,comics,1369022934
475,2671,happy ending,1369022857
475,2694,Rob Schneider,1324898328
475,2724,happy ending,1369022856
475,2858,excellent script,1369021842
475,3146,Amy Poehler,1323597224
475,3146,Arija Bareikis,1323597382
475,3146,Rob Schneider,1323597088
475,3146,William Forsythe,1323597352
475,3147,Michael Clarke Duncan,1293363652
475,3147,Tom Hanks,1293363537
475,3173,Al Pacino,1325933251
475,3173,James Woods,1325933235
475,3210,Jennifer Jason Leigh,1324200390
475,3210,Phoebe Cates,1324201447
475,3263,Woody Harrelson,1315142026
475,3624,Jackie Chan,1326795412
475,3624,Owen Wilson,1326795412
475,3793,comics,1369022935
475,3863,psychological,1369022727
475,3968,Brendan Fraser,1317455259
475,3988,Christine Baranski,1293272403
475,3988,Jim Carrey,1293271847
475,3988,Taylor Momsen,1293272479
475,4011,Brad Pitt,1329471072
475,4011,complicated plot,1369022809
475,4011,Jason Statham,1329471629
475,4018,chick flick,1369023134
475,4018,Helen Hunt,1291496403
475,4018,Mel Gibson,1291496403
475,4069,chick flick,1369023134
475,4153,chris rock,1228091741
475,4226,complicated plot,1369022809
475,4246,Renee Zellweger,1256161049
475,4270,Rachel Weisz,1317455067
475,4387,Jet Li,1299231218
475,4467,18th century,1369022535
475,4890,Gwyneth Paltrow,1344767597
475,4890,Jack Black,1344767597
475,4890,Jason Alexander,1344768444
475,4993,modern fantasy,1369023007
475,5266,suspenseful,1369021930
475,5283,Ryan Reynolds,1328169292
475,5283,Tara Reid,1328169292
475,5349,comics,1369022935
475,5419,Matthew Lillard,1293273773
475,5445,time loop,1369022889
475,5445,Tom Cruise,1327313704
475,5669,brainwashing,1369022959
475,5989,Tom Hanks,1290743610
475,6016,powerful ending,1369023080
475,6059,Al Pacino,1306131406
475,6155,girlie movie,1369023105
475,6156,Jackie Chan,1327399625
475,6156,Owen Wilson,1327399624
475,6187,Kevin Spacey,1293397195
475,6188,Will Ferrell,1257345391
475,6711,Anna Faris,1278771949
475,6711,Bill Murray,1278771568
475,6711,Giovanni Ribisi,1278771925
475,6711,Scarlett Johansson,1278771567
475,6711,Tokyo,1278771601
475,6870,powerful ending,1369023080
475,6936,Mary Steenburgen,1324791288
475,6936,Peter Dinklage,1324792049
475,6936,Will Ferrell,1324791288
475,6936,Zooey Deschanel,1324791288
475,6957,Bernie Mac,1324202011
475,6957,Billy Bob Thornton,1324202011
475,6957,John Ritter,1324202134
475,6957,Lauren Graham,1324202331
475,7048,Martin Lawrence,1293277135
475,7048,Steve Oedekerk,1316890439
475,7048,Tim Robbins,1293277135
475,7149,Dianne Keaton,1322901818
475,7173,Ben Stiller,1302096202
475,7173,Philip Seymour Hoffman,1302096202
475,7254,psychological,1369022726
475,7360,Jake Weber,1325234014
475,7360,Sarah Polley,1325233436
475,7360,Ty Burrell,1325233197
475,7448,Jack Black,1329646552
475,7541,Hide this,1241715658
475,8360,fairy tales,1369022916
475,8622,brainwashing,1369022959
475,8636,comics,1369022935
475,8641,Vince Vaughn,1278770009
475,8641,Will Ferrell,1256161071
475,8784,Natalie Portman,1291497797
475,8784,Zach Braff,1291497797
475,8836,Josh Hartnett,1278772515
475,8836,Matthew Lillard,1278772663
475,8836,Romance,1278772678
475,8836,Rose Byrne,1278772613
475,8957,psychological,1369022726
475,8978,Tim Allen,1293274382
475,27685,Anne Judson-Yager,1313495447
475,27685,Bree Turner,1313495447
475,30749,courage,1369021998
475,31427,psychology,1255963673
475,31435,James McAvoy,1339249353
475,31435,Romola Garai,1339246248
475,31435,Steven Robertson,1339249228
475,31696,Tilda Swinton,1294220211
475,32587,Quentin Tarantino,1328177096
475,32598,Lindsay Barrymore,1316163198
475,33794,comics,1369022935
475,34048,Steven Spielberg,1328176964
475,34162,Isla Fisher,1324896594
475,34162,Owen Wilson,1324896595
475,34162,Vince Vaughn,1324896797
475,34162,Will Ferrell,1324896797
475,34319,Scarlett Johansson,1243332301
475,34437,melancholic,1369021794
475,35957,Cillian Murphy,1283299683
475,35957,Rachel McAdams,1283299683
475,36517,Rachel Weisz,1323599221
475,36517,Ralph Fiennes,1323605206
475,36527,Anthony Hopkins,1306134008
475,36527,Gwyneth Paltrow,1306134009
475,38992,Al Pacino,1306132055
475,38992,Matthew McConaughey,1306132055
475,39444,Nicolas Cage,1310912632
475,39449,Bryan Greenberg,1295087532
475,39449,Meryl Streep,1295087502
475,39449,Uma Thurman,1295087402
475,40966,Johnny Depp,1315751144
475,44195,Aaron Eckhart,1325937102
475,44199,Clive Owen,1315751036
475,44929,Heath Ledger,1290743823
475,45208,Robin Williams,1328174816
475,45517,Owen Wilson,1328174316
475,45666,Jack Black,1329646292
475,45728,Jeff Anderson,1315058107
475,45728,Trevor Fehrman,1315060660
475,46578,Abigail Breslin,1291178331
475,46578,Greg Kinnear,1291178331
475,46578,Steve Carell,1291178331
475,46976,Dustin Hoffman,1335683173
475,46976,Emma Thompson,1335682711
475,46976,Maggie Gyllenhaal,1335682711
475,46976,Will Ferrell,1335682711
475,47261,Robin Williams,1327232309
475,47640,Jay Chandrasekhar,1349596745
475,47640,Nat Faxon,1349596823
475,47640,Ralf Moeller,1349596854
475,47810,Leelee Sobieski,1324112090
475,47810,Molly Parker,1324114275
475,48385,Sacha Baron Cohen,1293274943
475,49822,Angelina Jolie,1326536060
475,51255,Simon Pegg,1317542226
475,51575,John Travolta,1317458201
475,52245,Will Ferrell,1278249235
475,52973,Katherine Heigl,1291497197
475,53974,Mandy Moore,1362831163
475,53974,Robin Williams,1362831164
475,54612,Alan Alda,1316890646
475,54612,Kathryn Morris,1316889835
475,54612,Rachel Nichols,1316889926
475,54612,Samuel L. Jackson,1316889018
475,55261,Ben Stiller,1293362962
475,55261,Malin Akerman,1293362962
475,55955,Kevin Spacey,1293253351
475,55955,Paul Hiamatti,1293255132
475,55955,Vince Vaughn,1293255131
475,56587,Beverly Todd,1324720637
475,56587,Jack Nicholson,1324717887
475,56587,Morgan Freeman,1324717887
475,56633,Gerard Butler,1313842258
475,56633,Maria Bello,1313842258
475,56788,Julia Roberts,1313312324
475,56788,Philip Seymour Hoffman,1313312486
475,57526,Joseph Cross,1278773660
475,57669,Jordan Prentice,1324791842
475,58291,Martin Lawrence,1292105089
475,59258,Dax Sheppard,1281703122
475,59258,Greg Kinnear,1281703122
475,59258,Pregnancy,1281702816
475,59258,Steve Martin,1281702770
475,59900,Adam Sandler,1290744093
475,60948,Alan Rickman,1313853273
475,61262,Kiefer Sutherland,1325928200
475,66509,Adam Sandler,1362943095
475,66509,Eric Bana,1362942600
475,66509,Iris Apatow,1362942583
475,66509,Judd Apatow,1362942385
475,66509,Seth Rogen,1362943036
475,67193,Julia Roberts,1298710490
475,68749,Steve Zahn,1325494379
475,68843,James Corden,1311468555
475,69122,Ken Jeong,1315735466
475,69253,Renee Zellweger,1320481301
475,69406,Craig T. Nelson,1316337289
475,69406,Sandra Bullock,1316429878
475,69757,Zooey Deschanel,1321781719
475,70159,Isabelle Fuhrman,1319365954
475,70567,Frankie Faison,1356670068
475,70567,Hugh Dancy,1356669736
475,70567,Max Mayer,1356669669
475,70567,Peter Gallagher,1356669736
475,70567,Rose Byrne,1356669736
475,70695,Chace Crawford,1310296882
475,70695,Shannon Woodward,1310296882
475,74488,Alicja Bachleda,1360411862
475,74488,Colin Farrell,1360411862
475,74916,Ben Stiller,1365971053
475,75813,Edward Norton,1360397390
475,75813,Tim Blake Nelson,1360396942
475,81537,Zach Galifianakis,1361091774
475,92448,Kevin Nealon,1362944409
475,92448,Stephen Dorff,1362944142
475,95441,Mark Wahlberg,1342234572
475,95441,Mila Kunis,1342232220
475,95441,Seth MacFarlane,1342232220
475,106782,Amoral,1427753913
475,106782,crime,1427753921
475,106782,Economically Illiterate Writers,1427753739
475,106782,ENFP,1427753147
475,106782,inaccurate,1427753806
475,106782,Jonah Hill,1427753849
475,106782,Left-Wing Propaganda,1427753266
475,106782,Left-Wing Writers,1427753621
475,106782,Orgies,1427753111
475,106782,profanity,1427754096
475,106782,unsatisfying ending,1427753000
477,2687,Disney,1367636708
477,79132,alternate reality,1367636696
554,357,Andie MacDowell is always terrible,1241920731
554,1265,Andie MacDowell is always terrible,1241920732
554,8914,mindblowing,1241920703
576,32,sci-fi,1209510017
576,924,sci-fi,1209516302
576,1059,Leonardo DiCaprio,1209509565
576,1059,romance,1209509571
576,1127,sci-fi,1209509479
576,1199,sci-fi,1209509861
576,1584,sci-fi,1209508400
576,1653,sci-fi,1209508523
576,1721,Leonardo DiCaprio,1209137953
576,1721,romance,1209137953
576,1721,true story,1209137953
576,1779,sci-fi,1209508410
576,2424,romance,1209138429
576,2997,sci-fi,1209510218
576,3285,Leonardo DiCaprio,1209137677
576,3285,romance,1209137677
576,4975,sci-fi,1209509953
576,5445,Tom Cruise,1209138475
576,5989,Leonardo DiCaprio,1209137733
576,5989,true story,1209137777
576,8798,Tom Cruise,1209138511
576,34048,action,1209138408
576,34048,aliens,1209138399
576,34048,Tom Cruise,1209138393
576,47382,dance,1209505534
580,59315,superhero,1214595572
602,2144,Nudity (Topless),1191867377
614,47,captivating,1405045626
614,47,shocking,1405045651
614,50,characters,1405044642
614,50,Web of Lies,1405044628
614,356,#lifelessons,1407949405
614,356,bittersweet,1407949515
614,356,cloying,1407949311
614,356,schmaltzy,1407949322
614,781,Beauty,1405043292
614,781,Relationships,1405043943
614,1089,crime,1405047275
614,1089,ensemble cast,1405047256
614,1089,great dialogue,1405047332
614,1089,racism,1405047262
614,1089,violence,1405047223
614,1089,Web of Intrigue,1405047235
614,1196,gee-whiz factor,1405045834
614,1196,heroes in peril,1405045794
614,1198,adventure,1405047430
614,1198,AFI 100,1405047690
614,1198,atmospheric,1405047553
614,1198,classic,1405047720
614,1198,Determined Hero,1405047665
614,1198,good versus evil,1405047457
614,1198,great characters,1405047571
614,1198,great soundtrack,1405047608
614,1198,indiana jones,1405047445
614,1198,Nazis,1405047451
614,1198,racism,1405047442
614,1198,romance,1405047634
614,1198,treasure hunt,1405047600
614,1200,action-packed,1405044824
614,1200,suspense,1405044863
614,1240,dystopic future,1405044766
614,1261,Bruce Campbell,1405046954
614,1261,dark humor,1405046959
614,1261,Great Ending,1405046990
614,1285,dark comedy,1407950157
614,1285,Quotable,1407950184
614,1285,satirical,1407950188
614,1285,serial killer,1407950193
614,1285,suicide,1407950160
614,1295,aimlessness,1407084190
614,1295,bittersweet,1407084048
614,1295,Daniel Day-Lewis,1407084134
614,1295,Juliette Binoche,1407084124
614,1295,Lena Olin,1407084164
614,1372,cheesy (good),1405046381
614,1372,Confronting Xenophobia,1405046303
614,1372,Fond Farewell,1405046478
614,1372,Friendship,1405046391
614,1372,Grand Themes,1405046502
614,1372,Nimble Old Guys,1405046457
614,1372,sci-fi,1405046532
614,1372,Teamwork,1405046441
614,1374,Enterprise,1405046088
614,1374,Facing Mortality,1405046127
614,1374,Friendship,1405045945
614,1374,Khan! (distant echo: khan!),1405046064
614,1374,Master Villain,1405045905
614,1374,sacrifice,1405045969
614,1374,sci-fi,1405046004
614,1374,space,1405046018
614,1374,Star Trek,1405046020
614,1374,Teamwork,1405045955
614,2692,inventive,1405045353
614,2912,unusual editing,1423307953
614,2916,cheesy (good),1405045028
614,2916,imaginative,1405045137
614,3527,action-packed,1405044918
614,3527,Bravado,1405044893
614,3527,suspenseful,1405044988
614,3735,bravery,1405131783
614,3735,corruption,1405131725
614,3735,determination,1405131898
614,3735,disillusionment,1405131860
614,3735,idealism,1405131776
614,3735,sacrifice,1405131799
614,3735,slow start,1405131863
614,3972,comedy,1407990768
614,3972,Jackie Chan,1407990729
614,3972,martial arts,1407990758
614,3972,physical comedy,1407990753
614,3972,slapstick,1407990788
614,3972,Stunts,1407990781
614,3996,Allegory,1407947918
614,3996,atmospheric,1407947975
614,3996,beautifully filmed,1407947870
614,3996,dreamlike,1407947875
614,3996,fight scenes,1407947878
614,3996,martial arts,1407947882
614,3996,Myth,1407947885
614,3996,strong female characters,1407947947
614,3996,the desert,1407947928
614,3996,tragic,1407948308
614,3996,visually stunning,1407947990
614,4846,corny,1407948490
614,4846,funny,1407948482
614,4846,hilarious martial arts,1407948478
614,4846,kung fu,1407948474
614,4846,over-the-top action,1407948472
614,4928,beautiful actresses,1407188357
614,4928,Entitlement,1407188569
614,4928,Love-Hate Relationship,1407188136
614,4928,satire,1407188474
614,4928,Sexual Harassment,1407187014
614,4967,Absurdity of War,1407708103
614,4967,complex characters,1407708066
614,4967,Scathing,1407708021
614,4967,social commentary,1407708028
614,4967,Starts slow,1407707980
614,4967,Strong Finish,1407707991
614,5618,coming of age,1405046678
614,5618,Heroine,1405046707
614,5618,Imaginative,1405046743
614,5618,Plucky Determination,1405046758
614,5618,Rich Fantasy World,1405046657
614,6283,amazing artwork,1413341958
614,6283,Animation,1413341965
614,6283,bad story,1413342018
614,6283,boring,1413341983
614,6283,BOUNTY HUNTERS,1413341961
614,6283,characters,1413341979
614,6283,fight scenes,1413342104
614,6283,good score,1413342066
614,6283,UNLIKELY HEROES,1413341999
614,7256,disturbing,1405203835
614,7256,dumbfounding,1405203743
614,7256,gripping,1405203729
614,7256,harrowing,1405203715
614,7256,Near Death Experience,1405203808
614,7256,the will to survive,1405203720
614,7361,bittersweet,1405857277
614,7361,dreamlike,1405857628
614,7361,insightful,1405857328
614,7361,lovely,1405857612
614,7361,romance,1405857375
614,7361,sci-fi,1405857380
614,7361,surprising,1405857442
614,7361,thought-provoking,1405857392
614,7361,touching,1405857304
614,8874,funny,1405046827
614,8874,Great Cast,1405046914
614,8874,Parody and Homage,1405046817
614,8874,Well-Writen,1405046805
614,8950,guilt and redemption,1405045559
614,8950,mystery,1405045523
614,8950,powerful ending,1405045500
614,27773,gratuitous,1405045470
614,27773,shocking,1405045456
614,27773,shocking ending,1405045456
614,27773,stylized,1405045407
614,27773,twist ending,1405045392
614,34542,eccentricity,1405887953
614,47997,satire,1423588172
614,47997,social commentary,1423588165
614,47997,thin premise,1423588199
614,48516,ensemble cast,1407036235
614,48516,intrigue,1407036221
614,48516,remake,1407036250
614,48516,Suspense,1407036228
614,48516,too long,1407036242
614,48516,twist ending,1407036216
614,56921,big acting,1408819050
614,56921,character drama,1408819006
614,56921,jingoistic,1408818953
614,56921,melodrama,1408819076
614,56921,space opera,1408819035
614,56921,Tense,1408818977
614,56921,the road not taken,1408819024
614,59336,Chiwetel Ejiofor,1407948365
614,59336,combat,1407948368
614,59336,far-fetched,1407948424
614,59336,illogical,1407948356
614,60069,Expression through movement,1405044494
614,60069,Inventive,1405044330
614,60069,physical comedy,1405044405
614,62336,annoying,1413769009
614,62336,funny,1413769111
614,62336,stylish,1413769000
614,62336,surreal,1413769003
614,62336,too weird,1413768985
614,62336,way over the top,1413769047
614,62336,wtf,1413772346
614,64839,Hubris,1405044012
614,64839,Marisa Tomei Nudity (Again),1405044123
614,64839,Terrible Choices by Characters,1405044224
614,64839,Tragedy,1405044024
614,77596,Claustrophobic,1405815698
614,79132,great soundtrack,1405045247
614,79132,imaginative,1405045236
614,79132,menswear - outstanding,1405045289
614,79132,visually appealing,1405045203
614,84152,interesting premise,1413735731
614,84152,visually appealing,1413735697
614,84152,wasted premise potential,1413735736
614,85774,Alain Prost,1405047105
614,85774,Ayrton Senna,1405047108
614,85774,biography,1405051709
614,85774,Formula 1 racing,1405047113
614,85774,Gripping,1405047064
614,85774,National Hero,1405047082
614,85774,rivalry,1405047127
614,85774,Tragic,1405047076
614,85774,Triumph,1405051686
614,85774,true story,1405047057
614,86142,against all odds,1407947743
614,86142,Bushido Code of Honor,1407947133
614,86142,feudal japan,1407947066
614,86142,horrific violence,1407947152
614,86142,samurai,1407947072
614,86142,samurai battles,1407947088
614,86142,self-sacrifice,1407947114
614,86142,surprise tactics,1407947743
614,86142,teamwork,1407947099
614,86892,action,1406611309
614,86892,hard-boiled,1406611275
614,87960,enthralling,1422668196
614,87960,informative,1422668209
614,87960,mind-bending,1422668177
614,89804,Bechdel Test:Fail,1407568433
614,89804,hard to relate to,1407568492
614,89804,loss of innocence,1407568524
614,89804,unlikeable characters,1407568504
614,89904,dogs,1413004754
614,89904,great actors,1413004766
614,89904,original,1413004708
614,89904,sentimental,1413004797
614,89904,silent movie,1413004719
614,89904,slow,1413004837
614,89904,thin plot,1413004833
614,92259,cliche,1406514877
614,92259,feel good movie,1406514881
614,92259,sexuality,1406514866
614,92259,unlikely friendship,1406514899
614,93838,awesome martial arts,1407947452
614,93838,brutal,1407947448
614,93838,drags on,1407947495
614,93838,high body count,1407947441
614,93838,intense,1407947519
614,93838,strong start,1407947551
614,93838,thin plot,1407947462
614,96079,beautifully filmed,1421547614
614,96079,plot,1421547627
614,96079,silly,1421547726
614,96610,bad makeup,1411220821
614,96610,dumb,1411220759
614,96610,great ending,1411221319
614,100106,creative,1405051920
614,100106,philosophy,1405051887
614,100106,thought-provoking,1405051899
614,100106,wipes nose with hand repeatedly!,1405052919
614,102125,funny,1422148682
614,102125,ludicrous,1422148750
614,102125,Robert Downey Jr.,1422148671
614,103228,giant monster,1422828849
614,103228,giant robots,1422828839
614,103228,Guillermo del Toro,1422828843
614,103228,music,1422828852
614,103228,Rinko Kikuchi,1422828859
614,103228,visually appealing,1422828834
614,103439,crime,1414036733
614,103439,double-dealing,1414036976
614,103439,Good Characters,1414036765
614,103439,heist,1414036726
614,103439,Intrigue,1414036680
614,103439,twists,1414036738
614,106489,muddled plot,1415324948
614,106489,poor character development,1415325020
614,106489,too long,1415324919
614,106489,too many plot lines,1415325018
614,106782,Amoral,1405990674
614,106782,Anti-Hero,1405990784
614,106782,Astounding,1405990838
614,106782,Darkly Funny,1405990813
614,106782,Excess,1405990685
614,106782,eye-opening,1405990866
614,106782,Long,1405990688
614,106782,social commentary,1405990759
614,108983,charming,1423588481
614,108983,coming of age,1423588491
614,108983,imaginative,1423588483
614,109673,ancient naval battles,1427155201
614,109673,Greco-Persian War - mythologized,1427155381
614,109687,Sciencey,1407623062
614,110039,Corny,1407623218
614,110039,Formulaic,1407623193
614,110039,Japanimation,1407623143
614,110039,Visuals,1407623136
614,111759,mind-bending,1415324150
614,111759,time loop,1415324115
614,112852,5 Han Solos,1408818741
614,112852,Action,1408818821
614,112852,adventure,1408818752
614,112852,for kids or adults?,1408818721
614,112852,fun at times,1408818869
614,112852,Great Visuals,1408818891
614,112852,overrated,1408818847
614,112852,sexism,1408818843
614,112852,Space Sci-Fi,1408818812
614,112852,Teamwork,1408818906
614,112852,Vin Diesel,1408818769
614,112852,violent,1408818835
634,110,Mel Gibson,1331421282
634,1321,atmospheric,1327093117
634,1321,Jenny Agutter,1327093114
634,4235,dead dogs,1331887274
634,4848,Enigmatic,1330217889
634,4848,mystery,1330217887
634,4848,Nudity (Full Frontal - Notable),1330217892
634,4848,Nudity (Full Frontal),1330217896
634,4848,sexual,1330217900
634,4848,surreal,1330217902
634,4979,Bill Murray,1330813595
634,4979,great soundtrack,1330813592
634,4979,new york,1330813596
634,4979,Owen Wilson,1330813601
634,4979,Wes Anderson,1330813605
634,5377,Nick Hornby,1331500263
634,30810,Bill Murray,1330788141
634,60213,david cross,1334443990
634,61206,great sound,1327228882
634,61206,turn it up,1327228900
634,61206,voyeurism,1327228922
634,72733,lacks tension,1334447154
634,79897,anticlimactic,1323846649
634,79897,Bill Murray,1323846692
634,83798,inane,1321867050
634,83798,lesbian,1321867078
634,83798,maria valverde,1321867112
634,88129,flat characters,1329901800
690,296,different,1423525041
690,296,unique,1423525041
690,296,violent,1423525041
